-- phpMyAdmin SQL Dump
-- version 4.5.4.1
-- http://www.phpmyadmin.net
--
-- Host: localhost
-- Generation Time: Apr 16, 2017 at 09:44 AM
-- Server version: 5.5.48
-- PHP Version: 7.0.0

SET SQL_MODE = "NO_AUTO_VALUE_ON_ZERO";
SET time_zone = "+00:00";


/*!40101 SET @OLD_CHARACTER_SET_CLIENT=@@CHARACTER_SET_CLIENT */;
/*!40101 SET @OLD_CHARACTER_SET_RESULTS=@@CHARACTER_SET_RESULTS */;
/*!40101 SET @OLD_COLLATION_CONNECTION=@@COLLATION_CONNECTION */;
/*!40101 SET NAMES utf8mb4 */;

--
-- Database: `group3`
--

-- --------------------------------------------------------

--
-- Table structure for table `announce`
--

CREATE TABLE `announce` (
  `Aid` int(11) NOT NULL,
  `Aname` varchar(1000) COLLATE utf8_unicode_ci NOT NULL,
  `Adetail` varchar(5000) COLLATE utf8_unicode_ci NOT NULL,
  `APic` varchar(500) COLLATE utf8_unicode_ci NOT NULL,
  `Date` datetime NOT NULL
) ENGINE=InnoDB DEFAULT CHARSET=utf8 COLLATE=utf8_unicode_ci;

--
-- Dumping data for table `announce`
--

INSERT INTO `announce` (`Aid`, `Aname`, `Adetail`, `APic`, `Date`) VALUES
(1, 'เชิญร่วมบริจาคอุปกรณ์กีฬา,ของเล่นเด็กเก่าๆ,อุปกรณ์เครื่องเขียน,ฯลฯ แก่โรงเรียนห่างไกล ด้อยโอกาส', 'เนื่องด้วย คณะมนุษยศาสตร์ มหาวิทยาลัยมหาจุฬาลงกรณ์ราชวิทยาลัยวิทยาเขตนครราชสีมา    ได้จัดโครงการค่ายมนุษย์ศาสตร์สัมพันธ์ขึ้นเป็นประจำทุกปี  โดยมีกิจกรรมมอบอุปกรณ์การศึกษาแก่    \r\nโรงเรียนห่างไกล และกิจกรรมสันทนาการ เพื่อแบ่งปันสิ่งของจากผู้ที่บริจาคไปสู่เด็กๆที่ขาดโอกาส อีกทั้งยังมีจุดประสงค์เพื่อให้เด็กๆได้ไกล้ชิดกับพระสงฆ์ และส่งเสริมทัศนคติที่ดีต่อพระพุทธศาสนา ดังรูปที่แนบมา (เป็นรูปเก่า จากการจัดกิจกรรมครั้งก่อนๆ) และในปีนี้ คณะกรรมการชมรมภาษาอังกฤษ คณะมนุษยศาสตร์ ได้เห็นควรให้จัดกิจกรรม ณ โรงเรียนบ้านโนนสว่าง ต.อ่างศิลา อ.พิบูลมังสาหาร จ.อุบลราชธานี ในวันที่ ๒ - ๓ มีนาคม ๒๕๕๖ \r\nอาตมา พระเรืองศักดิ์ จนฺทวฑฺโฒ ในนามเลขานุการชมรมภาษาอังกฤษ คณะมนุษยศาสตร์ มจร.วิทยาเขตนครราชสีมา จึงขอความอนุเคราะห์บอกบุญผ่านมายังเว๊ปบอร์ดแห่งนี้ เพื่อประชาสัมพันธ์ให้ญาติโยมผู้มีใจเป็นบุญเป็นกุศล ได้บริจาคสิ่งของ อุปกรณ์การกีฬา,สมุด,หนังสือภาพสำหรับเด็ก,ของเล่น (ของเก่าหรือของใหม่ก็ได้),ขนม ฯลฯ ตามแต่กำลังศรัทธา \r\n\r\n\r\n     โดยสามารถบริจาคผ่านทางพัสดุไปรษณีย์ จ่าหน้า พระเรืองศักดิ์ จนฺทวฑฺโฒ 77 หมู่ 14 วัดดอนโบสถ์ ต.โนนไทย อ.โนนไทย จ.นครราชสีมา 30220 โทรศัพท์ 088 7196328 \r\n\r\n     และเพื่อตัดปัญหาการทุจริตต่างๆ จึง ไม่ขอรับเป็นเงินสด หรือโอนผ่านบัญชีใดๆทั้งสิ้น \r\nสุดท้ายนี้ ขออำนาจคุณพระศรีรัตนตรัย และสิ่งศักดิ์สิทธิ์ทั่วสากลโลกจงดลบันดาลให้ท่านผู้มีใจเป็นบุญเป็นกุศลได้แคล้วคลาดปราศจากโรคภัยทั้งปวง ภูติผีมารร้ายอย่าได้มารบกวน ขอให้ประสพล้วนแต่ผลคือลาภอาบอิ่มใจ คิดสิ่งหนึ่งประการใด ขอให้บุญนั้นนำพาให้สำเร็จสมหวังทุกประการ เทอญ... ', 'pic1', '2013-02-17 19:10:00'),
(2, 'รินน้ำใจ ช่วยเหลือกัน : ขอรับบริจาคสิ่งของเพื่อต้านภัยหนาวที่แม่ฮ่องสอน', 'สำหรับผู้สนใจและต้องการบริจาคสิ่งของสำหรับผู้ที่ขาดแคลนเพื่อบรรเทาทุกข์และช่วยเหลือเพื่อนมนุษย์ด้วยกัน\r\nสิ่งของที่จะบริจาค ท่านสามารถบริจาคได้หลากหลายครับ ยกเว้น ผมไม่สะดวกรับบริจาคเป็น “เงิน” ครับ อาจจะยุ่งยากภายหลังได้\r\nสิ่งของที่จะขอรับบริจาคมีดังนี้\r\n\r\nเสื้อผ้าเครื่องนุ่งห่มกันหนาว ทั้งใหม่และเก่า เช่น เสื้อ กางเกงขายาว ถุงเท้า  ถุงมือ หมวก ผ้าห่ม และอื่นๆ\r\nอุปกรณ์เครื่องเขียนสำหรับเด็กนักเรียน เช่นดินสอ ปากกา หนังสือ\r\nของเด็กเล่น เช่นตุ๊กตา ทั้งที่ใช้แล้ว และใหม่ (ส่วนนี้จะนำไปให้ศูนย์เด็กเล็กตามศูนย์เด็กเล็กบนดอย)\r\nเครื่องคอมพิวเตอร์มือสองที่ใช้แล้ว ส่วนนี้จะนำไปมอบให้โรงเรียนไว้ใช้งาน ซึ่งต้องการใช้เป็นอย่างมาก\r\n ----------------------------------------------------------  \r\n\r\nและ ผมกับเพื่อนที่กรุงเทพท่านหนึ่ง กำลังจะช่วยกันจัดสร้าง รวบรวมหนังสือธรรมะเพื่อเป็นห้องสมุดธรรมะ ที่วัดพระธาตุดอยจอมแจ้ง อ.ปาย จ.แม่ฮ่องสอน หากท่านไหน มีหนังสือธรรมะที่อ่านแล้ว ต้องการจะบริจาคมอบเป็นธรรมทานเพื่อรวบรวมเก็บไว้ในห้องสมุดธรรมะที่เรากำลังดำเนินการ ยินดีรับบริจาคครับตอนนี้ก็ได้หนังสือธรรมะที่ส่งมาบ้างแล้วเล็กน้อย  \r\n\r\nในโอกาสนี้ผมต้องขอขอบคุณทุกท่านที่เมตตา บริจาคสิ่งของ หรือแม้กระทั่งกำลังใจให้ผมและทีมงานในปีที่แล้ว และในปีนี้หนาวที่จะมาถึง', 'pic2', '2017-03-12 19:29:00'),
(3, 'ขอเชิญร่วมบริจาคอุปกรณ์สื่อการเรียนการสอน', 'ตามที่โรงเรียนบ้านแก่งสะเดา ตำบลทุ่งมหาเจริญ   อำเภอวังน้ำเย็น จังหวัดสระแก้ว สังกัดสำนักงานเขตพื้นที่การศึกษาประถมศึกษาสระแก้ว เขต 1  เป็นโรงเรียนขนาดกลางประชาชนในชุมชนมีฐานะความเป็นอยู่ยากจน มีอาชีพรับจ้างทั่วไป จัดการเรียนการสอนตั้งแต่ชั้นปฐมวัย - ถึงชั้นประถมศึกษาปีที่ 6 ได้ส่งหนังสือขอความอนุเคราะห์ที่ ศธ 04153.117/67 ลงวันที่  18  มีนาคม 2556  เรื่องขอความอนุเราะห์อุปกรณ์สื่อการเรียนการสอน อุปกรณ์กีฬา โต๊ะอาหาร และอื่น ๆ มานั้น  ชมรมนักวิทยุสมัครเล่นเพื่อการศึกษาและคณะกรรมการบริหารชมรม ฯ  พิจารณาแล้วเห็นว่า  ควรที่จะให้การสนับสนุนตามที่ร้องขอมา   เนื่องจากโรงเรียนดังกล่าวเป็นโรงเรียนขนาดกลางมีนักเรียนจำนวน 147  คน  การจัดการเรียนการสอนเป็นไปอย่างขาดแคลน เพราะเป็นโรงเรียนที่อยู่ห่างไกล ได้รับงบประมาณจัดสรรจากภาครัฐน้อย ไม่เพียงพอ ทางชมรมนักวิทยุสมัครเล่นเพื่อการศึกษา จึงใคร่ขอความอนุเคราะห์จากผู้ใจบุญทุกท่านร่วมกันบริจาคอุปกรณ์สื่อการเรียนการสอน อุปกรณ์กีฬา โต๊ะอาหารและสิ่งที่เห็นสมควรตามกำลังศรัทธาของแต่ท่าน และทางชมรม ฯ จะไปส่งมอบในวันเสาร์ที่ 23 พฤศจิกายน 2556', 'pic3', '2013-09-26 19:24:00'),
(4, 'บ้านนกขมิ้นขอรับบริจาคเสื้อผ้ามือ2ช่วยเด็กกำพร้า', 'มูลนิธิบ้านนกขมิ้น เปิดขอรับบริจาคเสื้อผ้ามือสอง - ของเหลือใช้ทุกชนิด หาทุนช่วยเด็กกำพร้ากว่า 200 ชีวิต\r\n\r\nเจ้าหน้าที่มูลนิธิบ้านนกขมิ้น ซึ่งตั้งอยู่ใน ซ.เสรีไทย 17 ถ.เสรีไทย แขวงคลองกุ่ม เขตบึงกุ่ม กรุงเทพมหานคร เปิดเผยกับสำนักข่าว ไอ.เอ็น.เอ็น. ว่า ขณะนี้มูลนิธิบ้านนกขมิ้น กำลังเปิดขอรับบริจาคเสื้อผ้ามือสอง และของเหลือใช้ทุกชนิด เพื่อนำมาให้เด็กภายในมูลนิธิ รวมถึงนำไปจำหน่าย สำหรับหารายได้เข้ามาเป็นค่าเทอมและสร้างโอกาสให้แก่เด็กกำพร้า, เด็กเร่ร่อน และเด็กที่ถูกทอดทิ้งที่อยู่ในการดูแลกว่า 200 ชีวิต ซึ่งเด็กของบ้านนกขมิ้นจะมีค่าใช้จ่ายอยู่ประมาณ คนละ 3,000 บาทต่อเดือน รวม 200 คน จะอยู่ที่ 600,000 บาท โดยปัจจุบันพบว่ารายได้ที่จะนำมาใช้บริหารจัดการภายในมูลนิธิ ยังค่อนข้างอยู่แบบเดือนชนเดือน ทำให้ต้องหาช่องทางในการเงินเข้ามาสนับสนุนเพิ่มเติม\r\n\r\nทั้งนี้ การเปิดรับบริจาคดังกล่าวนั้น จะเปิดอย่างไม่มีกำหนด ผู้ที่สนใจสามารถบริจาคเข้ามาได้เรื่อย ๆ ที่มูลนิธิบ้านนกขมิ้น ซ.เสรีไทย 17 ถ.เสรีไทย หรือส่งพัสดุไปรษณีย์มาที่มูลนิธิบ้านนกขมิ้น ตู้ปณ 3 ปณศ.มีนบุรี กรุงเทพฯ 10510 หรือโทรศัพท์ที่ 0814321890, 0949400606, 023756497, 023752455 รวมถึงกดติดตามและถูกใจ ที่หน้าเพจ Facebook  \r\nhttps://www.facebook.com/baannokkamin เพื่อเป็นการช่วยประชาสัมพันธ์อีกทางหนึ่ง\r\n', 'pic4', '2017-03-20 15:48:24'),
(5, '"มูลนิธิปลอมเรี่ยไร" เจอคนจริงถึงกับเงิบ !! ', 'เพจดัง “เจ้าพ่อคลิปเด็ด” โพสต์คลิป วีดีโอความยาวประมาณ 2 นาที พร้อมระบุข้อความ “ต้องเอาให้หนัก "มูลนิธิปลอมเรี่ยไร" เจอคนสุรินทร์เข้าไป เถียงไม่ออกเลยงานนี้”\r\nเป็นเหตุการณ์ที่ชายเสื้อสีชมพู ถามข้อกฎหมายการออกมาเรี่ยไรเงินบริจาคกับสาวที่อ้างว่าเป็นเจ้าหน้าที่มูลนิธิ ช่วงแรกเธอสามารถตอบคำถามได้ แต่เมื่อโดนถามหนักเข้าในข้อกฎหมาย ทำเอาสาวเจ้าหน้าที่มูลนิธิถึงกับมีอาการตอบติดๆ ขัดๆ เพราะตอบไม่ได้ เช่น ถามว่ารู้หรือไม่ว่าการออกมาเรี่ยไรเงินบริจาคแบบนี้ต้องขออนุญาตหน่วยงานไหน ซึ่งสาวที่อ้างตัวเป็นเจ้าหน้าที่มูลนิธิ ตอบว่ารู้ ต้องขออนุญาตกระทรวงมหาดไทย และได้รับอนุญาตแล้วทั้งนี้ ชายคนเดิมจึงถามต่อว่า เมื่อกระทรวงมหาดไทยอนุญาต ก็หมายความมาสามารถขอรับบริจาคในพื้นที่ที่ยื่นขอ แต่นี่ที่จังหวัดสุรินทร์ จะเอาหนังสือที่ได้รับอนุญาตที่อ้างว่าได้รับมานั้นมาขอรับบริจาคข้ามถิ่นไม่ได้ ต้องไปยื่นขอใหม่ที่ท้องถิ่นนั้น ๆและหนังสืออนุญาตที่ได้มามันมีระยะเวลาไม่เกิน 24 ชั่วโมง หรือ การเดินออกมารับบริจาคในลักษณะนี้ผิดวัตถุประสงค์ของมูลนิธิ ที่ต้องตั้งโต๊ะรับบริจาคที่มูลนิธิของตัวเองเท่านั้น', 'pic5', '2017-03-20 16:35:44'),
(6, 'หลายภาคส่วนร่วมบริจาคช่วยเหลือมูลนิธิเพื่อนช้าง', 'การประกาศปัญหาสถานะทางการเงินของมูลนิธิเพื่อนช้างจนทำให้ส่อเค้าว่า สถานพยาบาลช้างที่อยู่มานานกว่า 30 ปี อาจจะต้องปิดตัวลง ทำให้หลายภาคส่วน เริ่มทยอยบริจาคเงินให้แก่มูลนิธิ\nผู้บริหาร และ พนักงาน บริษัทเอกชน ร่วมกิจกรรม ทำดีเพื่อช้าง โดยประดิษฐ์เทียนและครีมสปา จำหน่ายหารายได้มอบให้ มูลนิธิเพื่อนช้าง อำเภอห้างฉัตร จังหวัดลำปาง ซึ่งเป็นกิจกรรมที่ทำต่อเนื่องกว่า 5 ปี พร้อมบริจาคเงินช่วยเหลือช้าง กว่า 1 ล้านบาท\nผู้ร่วมกิจกรรมยังให้กำลังใจ นางโซไรดา ซาลวาลา ผู้ก่อตั้ง และ เลขาธิการมูลนิธิเพื่อนช้าง หลังนางโซไรดา ทำหนังสือถึงคณะกรรมการมูลนิธิเพื่อนช้าง ขอยุติการดำเนินงานของมูลนิธิฯ เนื่องจากประสบปัญหางบประมาณ ขณะที่นางโซไรดา ระบุว่า หลังมีการนำเสนอข่าวผ่านสื่อต่างๆ ได้มีการสอบถามทั้งในและต่างประเทศว่า มูลนิธิเพื่อนช้างปิดทำการแล้วหรือไม่\nซึ่งขอยืนยันว่า มูลนิธิฯยังไม่ปิดในขณะนี้ เนื่องจากยังมีเงินทุนกว่า 10 ล้านบาท ยังบริหารงานได้อีกระยะหนึ่ง และล่าสุด เริ่มมีผู้สนใจร่วมบริจาคเงินแก่มูลนิธิฯ ขณะเดียวกันจะมีการหารือถึงปัญหาที่เกิดขึ้นเร็วๆนี้\nมูลนิธิเพื่อนช้าง ก่อตั้งเมื่อปี 2536 ถือเป็นองค์กรที่ให้บริการ โรงพยาบาลช้างเป็นแห่งแรกของโลก แต่ละปี มีช้างเข้ามารักษาเกือบ 200 เชือก และตลอด 25 ปี ได้รักษาช้างจำนวน 4,651 เชือกและที่ผ่านมามีบทบาทในการผลักดันร่างกฎหมายช้าง เพื่อแก้ปัญหาเกี่ยวกับช้าง\n', 'pic6', '2017-03-20 16:40:18'),
(7, 'ใจใหญ่มาก! หนุ่มน้อยจีนอายุ 16 บริจาคอวัยวะให้ชีวิตใหม่ผู้ป่วยอื่น 7 ชีวิต', 'หนุ่มน้อยชาวจีนวัย 16 ปี บริจาคอวัยวะถึง 9 ชิ้น ให้แก่ผู้ป่วยหนักรายอื่นกว่า 7 คน หลังประสบอุบัติเหตุทางรถยนต์จนเสียชีวิต\n\nสำนักข่าวไชน่า นิวส์ของจีนรายงานว่า เมื่อวันที่ 4 มี.ค. ที่ผ่านมา หนุ่มน้อยชาวจีนแซ่หลี่ (นามสมมุติ) คนหนึ่งในนครคุนหมิง มณฑลยูนนาน ได้บริจาคอวัยวะให้กับผู้ป่วยหนักรายอื่น หลังประสบอุบัติเหตุทางรถยนต์จนเสียชีวิตในวันดังกล่าว\n\nทางทีมแพทย์โรงพยาบาลประชาชนที่ 1 นครคุนหมิง มณฑลยูนนาน ที่ทำการผ่าตัดเผยว่า หนุ่มน้อยใจใหญ่คนนี้ได้บริจาคอวัยวะรวมทั้งหมด 9 อวัยวะ ให้ชีวิตใหม่กับผู้ป่วยหนักจำนวน 7 คน โดยทางทีมแพทย์กำลังเตรียมการผ่าตัดปลูกถ่ายหัวใจและตับ ซึ่งหนุ่มน้อยคนนี้เป็นคนแรกและคนเดียวในขณะนี้ ที่บริจาคอวัยวะให้คนอื่นมากที่สุดในมณฑลยูนนาน\n\nอย่างไรก็ตาม เรื่องราวของหนุ่มน้อยที่บริจาคอวัยวะให้กับผู้อื่นคนนี้ กลายเป็นกระแสพูดถึงในโลกออนไลน์ของจีน หลายคนประทับใจและซาบซึ้ง แต่ก็รู้สึกเสียใจกับการสูญเสียครั้งนี้ไม่น้อย\n', 'pic7', '2017-03-20 16:48:15'),
(8, 'สรรพากร แจง รายละเอียดบริจาคช่วยน้ำท่วมใต้ ย้ำลดภาษีในการยื่นปี 61', 'ตามที่ได้เกิดเหตุการณ์อุทกภัยน้ำท่วมใหญ่ทางภาคใต้ ซึ่งได้สร้างความเดือดร้อนให้แก่ประชาชนเป็นอย่างมาก จนมีหลายหน่วยงานทั้งภาครัฐและเอกชนได้ตั้งศูนย์ช่วยเหลือผู้ประสบอุทกภัย โดยเปิดบัญชีเงินฝากเพื่อรับเงินบริจาค และรับบริจาคสิ่งของ เพื่อนำไปช่วยเหลือบรรเทาทุกข์ให้แก่ผู้ประสบภัย นั้น\nนายสมชาย แสงรัตนมณีเดช รองอธิบดีกรมสรรพากร ในฐานะโฆษกกรมสรรพากร ชี้แจงว่า “กระทรวงการคลังได้มีมาตรการภาษีเพื่อช่วยเหลือผู้ประสบอุทกภัยในภาคใต้ ให้สิทธิผู้บริจาคสามารถนำเงินหรือมูลค่าทรัพย์สินที่ได้บริจาคระหว่างวันที่ 1 มกราคม 2560 ถึงวันที่ 31 มีนาคม 2560 มาหักเป็นค่าลดหย่อนหรือหักเป็นรายจ่ายในการคำนวณภาษีได้ 1.5 เท่า โดย\n1. เป็นการบริจาคให้แก่ผู้รับบริจาคที่เป็น\n- ส่วนราชการ มูลนิธิ องค์การหรือสถานสาธารณกุศลที่รัฐมนตรีว่าการกระทรวงการคลังประกาศกำหนดในราชกิจจานุเบกษา เพื่อช่วยเหลือผู้ประสบอุทกภัย\n- ตัวแทนรับบริจาคที่เป็นบริษัทหรือห้างหุ้นส่วนนิติบุคคล หรือนิติบุคคลอื่น ที่ได้ขึ้นทะเบียนแจ้งขอเป็นตัวแทนรับบริจาคกับกรมสรรพากร เช่น สถานีโทรทัศน์ หรือสถานีวิทยุ\n2. ผู้บริจาคมีสิทธิหักลดหย่อนหรือหักรายจ่ายดังนี้\n- บุคคลธรรมดาที่บริจาคเงิน สามารถนำจำนวนเงินดังกล่าวไปหักลดหย่อนในการคำนวณเสียภาษีเงินได้บุคคลธรรมดาได้ 1.5 เท่า แต่เมื่อรวมกับเงินบริจาคอื่นแล้วต้องไม่เกินร้อยละ 10 ของเงินได้พึงประเมิน\nหลังหักค่าใช้จ่ายและหักค่าลดหย่อน และใช้สำหรับการหักลดหย่อนของปีภาษี 2560 ที่จะต้องยื่นรายการ ภายในเดือนมกราคม - มีนาคม 2561\n- บริษัทหรือห้างหุ้นส่วนนิติบุคคลที่บริจาคเงินหรือทรัพย์สิน สามารถนำจำนวนเงินหรือมูลค่าทรัพย์สินที่บริจาคไปหักเป็นรายจ่ายได้ 1.5 เท่า แต่เมื่อรวมกับรายจ่ายเพื่อการกุศลสาธารณะหรือเพื่อการสาธารณประโยชน์แล้วต้องไม่เกินร้อยละ 2 ของกำไรสุทธิ \n3. หลักฐานการรับบริจาค ระหว่างวันที่ 1 มกราคม 2560 ถึงวันที่ 31 มีนาคม 2560\n- หลักฐานการรับเงิน หรือทรัพย์สิน ที่มีข้อความระบุว่าเป็นโครงการหรือเป็นการบริจาค เพื่อช่วยเหลือผู้ประสบอุทกภัยภาคใต้ โดยอาจระบุช่วงเวลาที่เกิดอุทกภัยไว้ด้วย\n- หลักฐานการโอนเงินเข้าบัญชีธนาคารในช่วงระยะเวลาที่เกิดอุทกภัย ซึ่งพิสูจน์ผู้โอน\nและผู้รับโอนได้\nมาตรการภาษีดังกล่าวนอกจากจะเป็นการช่วยบรรเทาภาระภาษีแล้ว ยังเป็นการสนับสนุนให้ มีการบริจาคเพื่อระดมความช่วยเหลือและฟื้นฟูสภาพความเป็นอยู่ให้แก่ผู้ประสบอุทกภัย และทำให้ทุกภาคส่วน มีส่วนร่วมรับผิดชอบต่อสังคมในเหตุอุทกภัยครั้งใหญ่ที่เกิดขึ้นในประเทศขณะนี้”\nสำหรับผู้ที่มีข้อสงสัยสามารถสอบถามเพิ่มเติมได้ที่สำนักงานสรรพากรพื้นที่ทุกพื้นที่ และ ศูนย์สารนิเทศสรรพากร โทร.1161', 'pic8', '2017-03-20 16:52:05'),
(9, '\'เฉินหลง\'ช่วยใต้ บริจาค2.4ล. ให้ผู้ประสบภัย', '“วู้ดดี้” ขนทัพดารานักแสดงมีทั้ง “ณเดชน์” และ “ชมพู่-อารยา” ร่วมงานตัดผมหาเงินช่วยผู้ประสบภัยน้ำท่วมภาคใต้ ส่วนซุปเปอร์สตาร์คนดัง “เฉินหลง” ร่วมมอบถุงยังชีพ พร้อมประกาศมอบเงินส่วนตัวอีก 500,000 เหรียญฮ่องกง ช่วยซับน้ำตาชาวใต้ หลายพื้นที่ยังอ่วมหนัก ยะลาน้ำป่าหอบเอาดินจากภูเขาบีโลถล่มกำแพงโรงไฟฟ้า กฟผ.พังทลายไปทับโรงงานผลิตทุเรียนทอด เป็นสินค้า “โอทอป” ส่งออกขายต่างประเทศ พังเสียหายยับ ส่วนที่เมืองคอน คลื่นซัดเรือประมงจมปากอ่าวขณะออกเรือจับปลา 5 ลูกเรือได้รับการช่วยเหลือกลับเข้าฝั่งปลอดภัย ในขณะที่ภาคเหนือ-อีสาน เผชิญอากาศหนาวเย็น ต้องก่อไฟผิง กินข้าวจี่คลายหนาว ปภ.เตือน 9 จังหวัดใต้เตรียมรับมือน้ำท่วมหนักอีกระลอก', 'pic9', '2017-03-20 17:02:22'),
(10, 'แห่สรรเสริญ “ทอฟฟี” บริจาค 10 ล้าน ช่วยมาสคอตเป็นมะเร็ง ', 'ทุกคนพากันสรรเสริญ เอฟเวอร์ตัน ที่ประกาศบริจาคเงิน 200,000 ปอนด์ (ประมาณ 10 ล้านบาท) แก่มาสคอต ซันเดอร์แลนด์ เพื่อใช้เป็นค่าใช้จ่ายในการต่อสู้กับโรคมะเร็ง       \n       	สำหรับเงินดังกล่าวจะเข้ากองทุน แบร็ดลีย์ ลอว์รีย์ หลังเกม พรีเมียร์ ลีก อังกฤษ เมื่อวันจันทร์ที่ 12 กันยายน ที่ผ่านมา ซึ่ง เอฟเวอร์ตัน โชว์ฟอร์มยอดเยี่ยมบุกยำใหญ่ ซันเดอร์แลนด์ 3-0 คาถิ่น สเตเดียม ออฟ ไลท์ จากแฮตทริกของ โรเมลู ลูกากู หอกทีมชาติเบลเยียม       \n       	เจ้าหนูวัยแค่ 5 ขวบนั้น เป็นแฟนบอล ซันเดอร์แลนด์ โชคร้ายป่วยเป็นมะเร็งเนื้อเยื่อประสาทชนิด นิวโรบลาสโตมา ที่พบมากในเด็ก ซึ่งต้องใช้เงินถึง 700,000 ปอนด์ (ประมาณ 35 ล้านบาท) ในการเดินทางไปรักษาที่ประเทศสหรัฐอเมริกา       \n       	เกมนั้น แบร็ดลีย์ ลอว์รีย์ ได้สวมเสื้อเป็นมาสคอตให้ ซันเดอร์แลนด์ พร้อมกับได้รับเสียงปรบมือกึกก้องถึง 5 นาทีเลยทีเดียว เพื่อเป็นกำลังใจให้ต่อสู้กับโรคร้ายต่อไปอย่ายอมแพ้       \n       	คนที่ได้รับคำชมเต็ม ๆ ก็คือ บิล เคนไรท์ ประธานสโมสร เอฟเวอร์ตัน โดย โรนัลด์ คูมัน นายใหญ่ “ทอฟฟีสีน้ำเงิน” ได้โพสต์ข้อความผ่าน “ทวิตเตอร์” สื่อสังคมออนไลน์ เช่นเดียวกับ เจมี คาร์ราเกอร์ อดีตแนวรับทีมชาติอังกฤษที่ปัจจุบันผันตัวเป็นคอมเมนเตเตอร์\n', 'pic10', '2017-03-20 17:03:27'),
(11, 'ขอรับบริจาคโลหิต,ข้าวสาร-นมช่วยน้ำท่วมที่เมืองคอน', 'ขอความช่วยเหลือ ผู้ประสบภัยน้ำท่วมใน จ.นครศรีธรรมราช รับบริจาคโลหิต นม และ ข้าวสาร\nนางนิยะดา บัวงาม นักพัฒนาสังคมปฏิการ สถานสงเคราะห์เด็กชายบ้านศรีธรรมราช แจ้งขอความช่วยเหลือน้ำท่วมทะลักเข้าสถานสงเคราะห์เมื่อคืนนี้ ล่าสุดพบระดับน้ำเพิ่มขึ้นเกือบ 80 - 100 เซนติเมตร ขอนม, ข้าวสาร, อาหารแห้ง ช่วยส่งให้เด็ก ๆ โดยที่นี่มีเด็กเล็กอยู่ประมาณ 120 คน และเด็กโตประมาณ 100 คน สำหรับผู้ต้องการให้ความช่วยเหลือสามารถติดต่อได้ที่ นางนิยะดา บัวงาม นักพัฒนาสังคมปฏิการสถานสงเคราะห์เด็กชายบ้านศรีธรรมราช เบอร์ 084-0607057\nส่วนที่ ม.7 บ้านห้วยตง ต.กรุงชิง อ.นบพิตำ ได้รับรายงานว่า ล่าสุดสถานการณ์ค่อนข้างอยู่ในภาวะ น้ำท่วมขังสูง ถนนทุกสายถูกตัดขาดจากโลกภายนอก และมีผู้ป่วยติดอยู่ด้านใน นอกจากนี้ ยังพบว่ากระแสไฟฟ้าดับ, ดินถล่ม จึงอยากวอนผู้ใจบุญขอรับบริจาคข้าวสารอาหารแห้ง \nขณะที่สภากาชาดไทยได้ออกประกาศขอรับบริจาคโลหิต เพื่อสำรองช่วยผู้ประสบภัยน้ำท่วม กรณีเคลื่อนย้ายโลหิต และผู้ป่วย ไม่ได้ โดย ภาคบริการโลหิตที่ 11 จ.นครศรีธรรมราช สภากาชาดไทย จะยังคงจัดเจ้าหน้าที่ออกรับบริจาคโลหิต เพื่อส่งต่อไปยังผู้ป่วยตามโรงบาลต่าง ๆ ให้ทันท่วงที จึงขอรับบริจาคจากผู้ที่ไม่ประสบภัยน้ำท่วม ร่วมบริจาคได้ที่สำนักงานกาชาด ภาคฯ ทุ่งสง (หน้ารพ.ทุ่งสง ควนไม้แดงแห่งใหม่) จันทร์ - ศุกร์ เวลา 08.30 - 16.30 น., เสาร์และวันหยุดนักขัตฤกษ์เวลา 09.00 - 15.30 น. สอบถามเพิ่มเติมติดต่อ 087-498-2152', 'pic11', '2017-03-20 17:07:02'),
(12, 'ฮีโร่มาแล้ว!! \'เจ-เจตริน\'ประกาศรวมพลช่วยน้ำท่วมใต้     ', 'เจ-เจตริน วรรธนะสิน นักร้องชื่อดัง ประกาศรวมพลเพื่อช่วยผู้ประสบภัยน้ำท่วมในพื้นที่ภาคใต้ผ่านอินสตาแกรม "jjetrin" โดยระบุว่า jjetrin ประกาศฉบับที่1 "ขณะนี้ผมกำลังรวมพล คนเจ็ทสกี และ ประสานกับทาง Sumet Saekhow ทีมเจ็ทสกีที่อยู่สุราษฎร์ธานี ว่าเราสามารถไปช่วยจุดใดได้(ที่จะอพยพคนหรือส่งเสบียง) เพื่อให้เกิดประโยชน์แท้จริงและไม่ไปทำภาระเพิ่มให้เจ้าหน้าที่ที่ต้องมาดูแลพื้นที่(เพราะการลงไปแบบไม่พร้อมมันจะยิ่งเป็นภาระมากกว่าประโยชน์ \n\nทั้งนี้ทั้งนั้น ผมกำลังสั่งผลิตเสื้อยืด Save south side ออกมาเพื่อระดมหาเงินไปช่วยเยียวยา (เท่าที่จะทำได้) ต่อไป กำหนดการยังไม่ชัดว่าวันใดแต่ สถานที่ขาย อาจจะ เอ็มควอเทียร และ ห้าง แฟชั่นไอร์แลน ติดตามการ อัพเดทต่อไปนะครับ\nฝากถึง ทีมเจ็ทใดที่ต้องการเข้าร่วม ติดต่อผมมาได้เลย (ขอเป็น เรือ นั่ง สภาพใหม่ และ มีทีมงานขนเรือ) หรือเรือ dinggy ติดมอเตอร์จะดีมากๆ \n\nฝากถึงองค์กรอิสระใดต้องการบริจาคเงินช่วยเหลือ หรือ สิ่งของเพื่อเป็นถุงยังชีพ เช่น ข้าวสาร อาหารกระป๋อง อาหารสำเร็จ ไฟแช็ค น้ำเปล่าขวดใหญ่ (ต้องการ)ไฟฉายแบบมีคุณภาพ ยากันยุง ยาแก้น้ำกัดเท้า ยาสามัญ ผ้าเช็ดตัว องค์กรการบินใด สะดวกให้ขนของได้ แจ้งมาได้เลยครับ ติดต่อผมมาได้เลย \n\nขณะที่ประกาศช่วยน้ำท่วมใต้ฉบับที่ 2 ระบุว่า "ผมจะลงไปสุราษฎร์ธานีวันอาทิตย์ที่ 8 มกราคมนี้ ไปสมทบกับทาง ทีมเจ็ทสกีและกู้ภัย พร้อมคนในพื้นที่ โดยภาคเอกชน นำโดย Sumet Saekhow กำลังประสานจัดเตรียม ข้าวสาร อาหารกระป๋อง น้ำสะอาด ไฟฉาย ยาสามัญ (จำนวนให้ใช้ได้ 4-5วันต่อ 1 ถุง ขณะนี้ได้รับแจ้งจากทางกู้ภัยว่าอำเภอไชยา, อำเภอท่าชนะ และอำเภอกาญจนดิษฐ์ เป็นพื้นที่ประสบภัยพิบัติของจังหวัดสุราษฎร์ธานีและมีระดับน้ำค่อนข้างสูง ในส่วนการเข้าช่วยเหลือคาดว่าในวันอาทิตย์สถานการณ์น่าจะเปลี่ยนเนื่องจากจะมีปริมาณน้ำจากจังหวัดนครศรีธรรมราชเข้ามาสมทบที่จังหวัดสุราษฎร์ธานีอาจจะมีบางอำเภอเช่น อำเภอพระแสง และอำเภอพุนพิน ได้รับผลกระทบเพิ่มเติม (ทั้งนี้ทั้งนั้น เราจะประเมินสถานการณ์วันต่อวันว่าเขตใดน้ำขึ้นหรือ น้ำลด เรียงลำดับการเข้า อพยพ และแจกถุงยังชีพ ) \n\nส่วนการรับการบริจาค ผมจะรีบทำการเปิดบัญชี เปิดรับการบริจาค เอาตามจิตศรัทธา มากน้อยแต่ขอให้ช่วยๆกันครับ (จะมารีบแจ้งเบอร์บัญชีในประกาศฉบับต่อไป) ขออนุญาตรับเป็นเงินบริจาคแทนสิ่งของ เพราะการขนย้ายจาก กทม. หรือ จังหวัดอื่น ส่งลงไป ลำบาก เราจะไปหาซื้อในตัวเมือง หรือ เขตใกล้เคียง จะง่ายกว่า และ ขนย้ายลงพื้นที่ได้สะดวก (เอาตามที่สบายใจและมั่นใจกันครับ เงินทุกบาทเราจะใช้อย่างคุ้มค่าที่สุด) \n', 'pic12', '2017-03-20 17:17:32'),
(13, '"เนชั่น กรุ๊ป เชิญชวนผู้ชมร่วมบริจาคผู้ประสบอุทกภัยภาคใต้"    ', '"ยังคงมีสิ่งของและเงินบริจาค เพื่อเหลือผู้ประสบภัยน้ำท่วมในภาคใต้ ถูกส่งผ่าน เครือเนชั่น เพื่อเยียวยาความเสียหายที่เกิดขึ้น และวันนี้เป็นการ เปิดรับบริจาคเป็นวันสุดท้าย เพื่อนำเงิน และสิ่งของ ที่ได้ทั้งหมดไปร่วมฟื้นฟูชีวิตผู้ประสบภัยจากกรณี เนชั่น กรุ๊ป เชิญชวนบริจาคผู้ประสบอุทกภัยภาคใต้ ผ่านบัญชี "ช่วยน้ำท่วมชาวใต้" ธ.กรุงเทพ สาขาบางนา และ ธ.กสิกรไทย สำนักราษฎร์บูรณะ ยอดรวมทั้งหมดจากบัญชี "ช่วยน้ำท่วมชาวใต้" ตั้งเเต่วันที่ 7 ม.ค. ถึง วันนี้ 31 มกราคม รวม 25 วันจนถึงวันนี้ มียอดเงินบริจาคแล้ว 10,437,480.01 บาทส่วนผู้ที่มาร่วมบริจาคกับเราวันนี้ มีสมาคมอุตสหกรรมเครื่องนุ่งห่มไทย TGMAได้นำเสื้อผ้ามาบริจาค  คุณสุนารถ ทัศนกุล  ครอบครัวธานินทร์ โพธิพัฒนานนท์ ครอบครัวบังเกิดผล  บริษัท ที สัน เทรดมาร์ค นำของมาบริจาคทั้ง เสื้อผ้า น้ำดื่ม ของเล่น ขนมคบเคี้ยวมาร่วมบริจาคซึ่งวันนี้เครือเนชั่น ขอปิดรับบริจาค และขอขอบคุณทุกท่าน ที่ได้ร่วมแสดงน้ำใจ ไม่ละเลยความเดือนร้อนของพี่น้องร่วมชาติ  สิ่งของทั้งหมด รวมถึงเงินทุกบาท จะนำไปร่วมจัดซื้ออุปกรณ์ซ่อมสร้างบ้านเรือน โรงเรียน วัด สถานที่สำคัญของพี่น้องชาวใต้ผู้ประสบภัย"\n', 'pic13', '2017-03-20 17:36:15'),
(14, 'ร.พ.ดังเปิดรับบริจาคถุงผ้าใส่ยาผู้ป่วยลดโลกร้อน   ', 'โรงพยาบาลวัดโบสถ์ จ.พิษณุโลกชวนบริจาคถุงผ้าใส่ยาให้ผู้ป่วยประหยัดค่าใช้จ่ายและช่วยลดโลกร้อนรักษาสิ่งแวดล้อม เมื่อวันที่19ม.ค.2560 ที่ร.พ.วัดโบสถ์ อ.วัดโบสถ์ จ.พิษณุโลก เภสัชกรหญิงกานติมา สุขโฉม หัวหน้าฝ่ายเภสัชกรรม  ได้ตั้งกล่องรับบริจาคถุงผ้าเพื่อนำไปใส่ยารักษาโรคให้กับผู้ป่วยแทนการใช้ถุงพลาสติก โดยเมื่อวันที่1ม.ค.60 โรงพยาบาลได้ประกาศงดการใช้ถุงพลาสติกใส่ยาให้กับผู้ป่วยกลับบ้าน และประชาสัมพันธ์ให้ผู้ป่วยที่มารักษานำถุงผ้ามาใส่ยากลับบ้านแทน  แต่ก็มีผู้ป่วยบางรายไม่ทราบเรื่องการงดใช้ถุงพลาสติก โรงพยาบาลจึงพยายามจัดหาถุงผ้าหรือถุงกระดาษมาทดแทน\n	เภสัชกรหญิงกานติมา กล่าวว่า แต่ละปีโรงพยาบาลต้องใช้ถุงพลาสติกในการนำใส่ถุงยาให้กับผู้ป่วยไม่ต่ำกว่า 200,000 ใบ จึงได้มีการเสนอผู้บริหารในการงดการใช้ถุงพลาสติกเมื่อทางผู้บริหารเห็นชอบจึงได้เริ่มประชาสัมพันธ์ตั้งแต่เดือนต.ค.59 นอกจากมีส่วนช่วยลดค่าใช้จ่ายให้กับโรงพยาบาลแล้วยังช่วยลดปัญหาโลกร้อนและสิ่งแวดล้อมด้วย ทั้งนี้ผู้สนใจจะนำถุงผ้ามาบริจาคให้กับโรงพยาบาลสามารถติดต่อสอบถามได้ที่ ได้ที่เบอร์ 055-361079 ต่อ 118 หรือ 081-9534535 หรือ 098-5326762 หรือ 081-2802049  หรือ สามารถส่งไปรษณีย์มาได้ที่ 135 ม.1 ฝ่ายเภสัชกรรมชุมชน โรงพยาบาลวัดโบสถ์ ต.วัดโบสถ์ อ.วัดโบสถ์ จ.พิษณุโลก 65160 และสามารถดูรายละเอียด ได้ที่ https://www.facebook.com/ห้องยา รพ.วัดโบสถ์\n', 'pic14', '2017-03-20 18:40:19');

-- --------------------------------------------------------

--
-- Table structure for table `appointment`
--

CREATE TABLE `appointment` (
  `Aid` varchar(50) COLLATE utf8_unicode_ci NOT NULL,
  `address` varchar(200) COLLATE utf8_unicode_ci NOT NULL,
  `Lid` varchar(50) COLLATE utf8_unicode_ci NOT NULL
) ENGINE=InnoDB DEFAULT CHARSET=utf8 COLLATE=utf8_unicode_ci;

--
-- Dumping data for table `appointment`
--

INSERT INTO `appointment` (`Aid`, `address`, `Lid`) VALUES
('AID20170401-231457', 'สถาบันคณิตศาสตร์ครูมิว', '13'),
('AID20170401-232111', 'คำ', 'ITEM-ID20170401-232046'),
('AID20170401-235436', 'Complex มหาวิทยาลัยขอนแก่น', '17'),
('AID20170401-235506', 'Hugmall ขอนแก่น', '16'),
('AID20170401-235539', 'ร้านนมมีมี่', '15'),
('AID20170401-235708', 'ตึกลาเวนเดอร์ สำนักงานเพื่อเด็กและสังคม ข้างโลตัส นครศรีธรรมราช', '12'),
('AID20170401-235803', 'สยามเซ็นเตอร์', '11'),
('AID20170402-000138', 'หอวนาเพลส หลัง มข.', '8'),
('AID20170402-000222', 'คณะวิทยาศาสตร์ มข', '7'),
('AID20170402-000559', 'โกดังเฮียเงี้ยว ลานย่าโม จังหวัดโคราช', '19'),
('AID20170402-001030', 'โรงชาย', 'ITEM-ID20170331-212517'),
('AID20170402-111015', 'ประเทศไทย', 'ITEM-ID20170401-225953'),
('AID20170404-143712', 'KKU', 'ITEM-ID20170404-143712'),
('AID20170404-235806', 'KKU', 'ITEM-ID20170404-235806'),
('AID20170412-180124', 'มหาวิทยาลัยขอนแก่น', 'ITEM-ID20170401-201945');

-- --------------------------------------------------------

--
-- Table structure for table `demand`
--

CREATE TABLE `demand` (
  `demand_id` int(11) NOT NULL,
  `demand_name` varchar(200) NOT NULL,
  `demand_date` datetime NOT NULL
) ENGINE=InnoDB DEFAULT CHARSET=utf8;

--
-- Dumping data for table `demand`
--

INSERT INTO `demand` (`demand_id`, `demand_name`, `demand_date`) VALUES
(1, 'ต้องการหนังสือรายวิชาคณิตศาสตร์ สังคม และวิชาภาษาอังกฤษสำหรับเด็กชั้นประถมศึกษา โรงเรียนบ้านกุดจอก อำเภอเมือง จังหวัดขอนแก่น', '2017-03-01 09:43:00'),
(2, 'ต้องการเครื่องเขียน ดินสอ และสีไม้จำนวนมากที่โรงเรียนบ้านหนองน้ำ อำเภอเมือง จังหวัดสุรินทร์', '2017-03-09 18:29:00'),
(3, 'ไทย ซีซีทีวี รับบริจาคเครื่องเขียนช่วยนักเรียนภาคใต้ ถูกน้ำท่วม', '2017-03-14 10:10:00');

-- --------------------------------------------------------

--
-- Table structure for table `list_item`
--

CREATE TABLE `list_item` (
  `Lid` varchar(50) COLLATE utf8_unicode_ci NOT NULL,
  `Lname` varchar(100) COLLATE utf8_unicode_ci NOT NULL,
  `Condi` varchar(500) COLLATE utf8_unicode_ci NOT NULL,
  `Pic_list` varchar(200) COLLATE utf8_unicode_ci NOT NULL,
  `Did` int(11) NOT NULL,
  `Rid` int(11) NOT NULL,
  `Ddate` datetime NOT NULL,
  `Rdate` datetime NOT NULL,
  `Amount` int(11) DEFAULT NULL,
  `Descript` varchar(500) COLLATE utf8_unicode_ci DEFAULT NULL,
  `Width` double DEFAULT NULL,
  `Height` double DEFAULT NULL,
  `Depth` double DEFAULT NULL,
  `ItemType` varchar(100) CHARACTER SET utf8 NOT NULL,
  `DeliveryType` varchar(100) CHARACTER SET utf8 NOT NULL
) ENGINE=InnoDB DEFAULT CHARSET=utf8 COLLATE=utf8_unicode_ci;

--
-- Dumping data for table `list_item`
--

INSERT INTO `list_item` (`Lid`, `Lname`, `Condi`, `Pic_list`, `Did`, `Rid`, `Ddate`, `Rdate`, `Amount`, `Descript`, `Width`, `Height`, `Depth`, `ItemType`, `DeliveryType`) VALUES
('1', 'ปากกา ดินสอ ยางลบ และกบเหลา', 'สภาพใหม่ ไม่ได้ใช้', 'เครื่องเขียน1.png', 1, 0, '2017-03-12 16:11:00', '0000-00-00 00:00:00', 20, 'ปากกา ดินสอ ยางลบ และกบเหลาที่พี่ ๆ เอามาฝากน้อง ๆ', 0.95, 10.75, 0, 'อุปกรณ์การเขียนและลบคำผิด', 'รับที่องค์กร'),
('11', 'แฟ้ม', 'ซื้อมาไม่ได้ใช้เลย สภาพ100%', 'แฟ้ม.png', 8, 0, '2017-03-20 21:34:00', '0000-00-00 00:00:00', 19, 'แฟ้มใส่เอกสารขนาด A4 ซื้อมาไม่ได้ใช้เลยค่ะ \r\nท่านใดต้องการ ติดต่อหาเราโทร 087-6561234', 21, 30, 0, 'อุปกรณ์สำนักงาน', 'รับที่จุดนัดพบ'),
('12', 'ยางลบ', 'ยางลบ ซื้อมาแจกครับผม ใหม่ๆ ปิ๊งๆ', 'ยางลบ.png', 2, 0, '2017-03-20 21:34:00', '0000-00-00 00:00:00', 30, 'ยางลบหลากหลายสีมากมาย สำหรับเด็กๆ ไม่มีสารเคมีที่อันตราย ติดต่อนัดรับของ 091-1121123 หรือ มารับที่ชั้น 1 ตึกลาเวนเดอร์ สำนักงานเพื่อเด็กและสังคม ข้างโลตัส นครศรีธรรมราช', 2, 1, 2, 'อุปกรณ์การเขียนและลบคำผิด', 'รับที่จุดนัดพบ'),
('13', 'วงเวียน', '80% ใช้มาประมาณ 10 ครั้ง', 'วงเวียน.png', 3, 0, '2017-03-23 00:00:00', '0000-00-00 00:00:00', 1, 'ติดต่อรับที่ สถาบันคณิตศาสตร์ ครูมิว 082-77456879 ', 1, 1, 1, 'อุปกรณ์สำนักงาน', 'รับที่จุดนัดพบ'),
('14', 'สมุด', 'ใหม่แกะกล่อง', 'สมุด.png', 4, 0, '2017-03-16 15:00:00', '0000-00-00 00:00:00', 50, 'สมุดสวยๆ ลายการ์ตูน', 30, 20, 0, 'ผลิตภัณฑ์กระดาษ', 'ไปรษณีย์'),
('15', 'สีโปสเตอร์', 'สีโปสเตอร์ใช้แค่ไม่กี่ครั้ง กลัวเสียของครับ สภาพ 90% เลยนำมาบริจาค', 'สีโปสเตอร์.png', 5, 0, '2017-03-06 06:18:34', '0000-00-00 00:00:00', 5, 'นัดรับได้ที่บ้านผมครับ ข้างๆร้านนมมีมี่ มีฟรีไวไฟ แอร์เย็น โทร 069-6699669', 2, 4, 4, 'สีและอุปกรณ์งานศิลป์', 'รับที่จุดนัดพบ'),
('16', 'ไม้บรรทัด', 'ไม้บรรทัด ใหม่ๆ สภาพนางฟ้า ฝุ่นยังไม่ได้สัมผัส', 'ไม้บรรทัด.png', 11, 0, '2017-03-17 00:00:00', '0000-00-00 00:00:00', 5, 'นัดรับได้ที่ ร้าน Hugmall ข้างเซ็นทรัล Facebook : Chimdoleen', 3, 1, 1, 'อุปกรณ์สำนักงาน', 'รับที่จุดนัดพบ'),
('17', 'สีโปสเตอร์', 'ดีมาก', 'สีโปสเตอร์.png', 12, 0, '2017-02-09 10:26:00', '0000-00-00 00:00:00', 1, 'ติดต่อนัดรับได้นะคะ แพรวค่ะ 097-1181615', 1, 3, 1, 'สีและอุปกรณ์งานศิลป์', 'รับที่จุดนัดพบ'),
('18', 'ยางลบ', 'ยางลบซื้อมาแล้วไม่ได้ใช้ สภาพ 95% หักฝุ่น', 'ยางลบ.png', 13, 0, '2017-01-25 00:00:00', '0000-00-00 00:00:00', 15, 'ยางลบซื้อมา เหลือใช้จากกิจกรรมค่ายเด็กเล็กค่ะ\r\nติดต่อรับได้ที่ ศูนย์ศึกษาพัฒนาเด็ก จังหวัดบุรีรัมย์ 099-99898998', 3, 2, 3, 'อุปกรณ์การเขียนและลบคำผิด', 'รับที่องค์กร'),
('19', 'สมุด', 'สมุดใหม่ๆครับ รื้อเอามาจากโกดัง ยังไม่ได้ใช้ สภาพดี', 'สมุด.png', 14, 0, '2017-03-02 13:27:17', '0000-00-00 00:00:00', 30, 'หากต้องการ มารับได้ที่ โกดังเฮียเงี้ยว ลานย่าโม จังหวัดโคราช 012-65658987', 30, 10, 30, 'ผลิตภัณฑ์กระดาษ', 'รับที่จุดนัดพบ'),
('2', 'หนังสือเรียน', 'ต้องการส่งต่อหนังสือและเครื่องเขียนให้น้องๆ ', 'เครื่องเขียน2.png', 2, 0, '2017-03-10 08:41:00', '0000-00-00 00:00:00', 15, 'หนังสือเรียนวิชาสังคม หมวดภูมิศาสตร์', 0, 0, 0, 'ผลิตภัณฑ์กระดาษ', 'ไปรษณีย์'),
('20', 'วงเวียน', 'วงเวียนใหม่ๆครับ ไม่ได้ใช้ สภาพดี', 'วงเวียน.png', 15, 0, '2017-03-09 00:00:00', '0000-00-00 00:00:00', 1, 'วงเวียนสำหรับผู้ต้องการครับ ติดต่อได้ที่ Line popoi778', 3, 2, 3, 'สีและอุปกรณ์งานศิลป์', 'รับที่องค์กร'),
('3', 'ดินสอ ยางลบ', 'ซื้อมาไม่ได้ใช้เลยค่ะ มีปากกา ลิควิด ดินสอ วงเวียน ', 'เครื่องเขียน3.png', 3, 0, '2017-03-11 18:46:00', '0000-00-00 00:00:00', 19, 'ปากกา ดินสอ น้ำยาลบคำผิด วงเวียน อุปกรณ์การเรียนใหม่ ๆ ยังไม่ได้แกะ', 0, 0, 0, 'อุปกรณ์การเขียนและลบคำผิด', 'รับที่องค์กร'),
('4', 'กระเป๋าผ้า', 'สภาพดี ใช้งานน้อย', 'กระเป๋าผ้า.png', 4, 0, '2017-03-20 08:30:10', '0000-00-00 00:00:00', 15, 'มีหลายใบมากๆ ไม่ค่อยได้ใช้เท่าไหร่ อยากแบ่งปัน', 40, 50, 40, 'กระเป๋า', 'ไปรษณีย์'),
('5', 'กระเป๋าดินสอ', 'สภาพยังดีอยู่ บางใบใช้แล้วนิดหน่อย ใบอันยังไม่ได้ใช้เลย', 'กระเป๋าดินสอ.png', 5, 0, '2017-03-20 15:24:00', '0000-00-00 00:00:00', 8, 'สนใจรับของ ติดต่อได้ที่อีเมล kan.kk@gmail.com', 15, 10, 5, 'กระเป๋า', 'รับที่องค์กร'),
('6', 'ดินสอ', 'ดินสอไม้ ดินสอสี มีใช้บ้างเล็กน้อย สภาพใช้ได้จนกว่าจะหมดแท่งเลย', 'ดินสอ.png', 6, 0, '2017-03-20 20:21:00', '0000-00-00 00:00:00', 100, 'ติดต่อได้ที่ Line ID : Kavin.V\r\n', 0, 15, 0, 'อุปกรณ์การเขียนและลบคำผิด', 'ไปรษณีย์'),
('7', 'ปากกาสองหัว', 'สภาพดีมากเลย ใช้ 4-5ครั้งเอง ใหม่มากๆ ', 'ปากกาสองหัว.png', 7, 0, '2017-03-20 19:17:26', '0000-00-00 00:00:00', 15, 'มารับได้ที่คณะวิทยาศาสตร์นะ \r\nโทร 095-5652315 มล ค่ะ', 0, 20, 0, 'อุปกรณ์การเขียนและลบคำผิด', 'รับที่จุดนัดพบ'),
('8', 'ไม้บรรทัด', 'ไม้บรรทัดใหม่ๆ ยังไม่ได้ใช้ครับ อยากให้น้องๆ', 'ไม้บรรทัด.png', 1, 0, '2017-03-18 00:00:00', '0000-00-00 00:00:00', 6, 'ไม้บรรทัดจ้า รับได้ที่หอวนาเพลส หลัง มข.', 3, 4, 0, 'อุปกรณ์สำนักงาน', 'รับที่จุดนัดพบ'),
('ITEM-ID20170331-212517', 'สมุด', 'ใหม่แกะกล่อง', 'ITEM20170331-212517.png', 2, 0, '2017-03-31 21:24:05', '0000-00-00 00:00:00', 50, 'สมุดสวยๆ ลายการ์ตูน', 30, 20, 0, 'ผลิตภัณฑ์กระดาษ', 'รับที่จุดนัดพบ'),
('ITEM-ID20170401-201945', 'กระเป๋าดินสอ', 'ใหม่แกะกล่อง', 'ITEM20170412-180122.jpg', 2, 0, '2017-04-01 20:19:42', '0000-00-00 00:00:00', 5, 'กระเป๋าดินสอสวยงาม', 12, 20, 10, 'กระเป๋า', 'รับที่จุดนัดพบ'),
('ITEM-ID20170401-225953', 'ดินสอ', 'ใหม่มาก', 'ITEM20170404-230558.png', 2, 0, '2017-04-01 22:32:22', '0000-00-00 00:00:00', 30, 'สีไม้12สี', 12, 20, 0, 'อุปกรณ์การเขียนและลบคำผิด', 'รับที่จุดนัดพบ'),
('ITEM-ID20170404-143704', 'สีไม้', 'ใหม่มาก', 'ITEM20170404-230440.png', 2, 0, '2017-04-04 14:36:46', '0000-00-00 00:00:00', 10, 'สีไม้12สี', 12, 20, 0, 'อุปกรณ์การเขียนและลบคำผิด', 'ไปรษณีย์'),
('ITEM-ID20170404-143712', 'กระเป๋าดินสอ', 'ใหม่แกะกล่อง', 'ITEM20170404-225800.png', 2, 0, '2017-04-04 14:37:08', '0000-00-00 00:00:00', 5, 'กระเป๋าดินสอสวยงาม', 12, 20, 10, 'กระเป๋า', 'รับที่จุดนัดพบ'),
('ITEM-ID20170405-104223', 'ทดสอบ123', 'ยอดเยี่ยมสุดๆ', 'ITEM20170405-104306.png', 2, 0, '2017-04-05 10:35:04', '0000-00-00 00:00:00', 12, 'ทดสอบ 123456', 15, 10, 5, 'อุปกรณ์การเขียนและลบคำผิด', 'รับที่องค์กร');

-- --------------------------------------------------------

--
-- Table structure for table `news`
--

CREATE TABLE `news` (
  `Nid` int(11) NOT NULL,
  `nameNews` varchar(1000) COLLATE utf8_unicode_ci NOT NULL,
  `Detail` varchar(5000) COLLATE utf8_unicode_ci NOT NULL,
  `Pic` varchar(200) COLLATE utf8_unicode_ci NOT NULL,
  `Date` datetime NOT NULL
) ENGINE=InnoDB DEFAULT CHARSET=utf8 COLLATE=utf8_unicode_ci;

--
-- Dumping data for table `news`
--

INSERT INTO `news` (`Nid`, `nameNews`, `Detail`, `Pic`, `Date`) VALUES
(2, 'โรงแรมดุสิตธานี พัทยาได้ร่วมบริจาคอุปกรณ์การศึกษาและสิ่งของเครื่องใช้ต่างๆเนื่องในวันเด็กแห่งชาติปี 2560', 'เมื่อเร็ว ๆ นี้คุณเนียว เคียน บูน ผู้จัดการทั่วไป (ที่ 3 จากซ้าย) และคุณคุณชาลิสา วาณิชรัตนากร ผู้อำนวยการแผนกทรัพยากรบุคคล (ที่ 2 จากขวา) นำทีมพนักงานโรงแรมดุสิตธานีพัทยามอบของเล่น   อุปกรณ์เครื่องเขียน ตลอดจนขนมต่างๆให้แก่คุณณัฐนา ลีเจ้ยวะระ ปลัดอำเภอบางละมุง (กลาง) ณ ที่ว่าการอำเภอบางละมุง เมืองพัทยา เพื่อเข้าร่วมแคมเปญบริจาคสิ่งของต่างๆให้แก่เด็กๆ เนื่องในวันเด็กแห่งชาติในวันที่ 14 มกราคม 2560', '2', '2017-03-12 17:24:25'),
(3, 'ไทย ซีซีทีวี รับบริจาคเครื่องเขียนช่วยนักเรียนภาคใต้ ถูกน้ำท่วม', 'เนื่องจากสถานการณ์น้ำท่วมภาคใต้ ทางสถานีโทรทัศน์ไทย ซีซีทีวีจึงขอปรับโครงการ “ขยายกอด ปี 3” ขยายวัน และ เวลา รับบริจาคเครื่องเขียนและอุปกรณ์การเรียนทั้ง ดินสอ สี สมุด ปากกา ให้กับพวกเราตี๋ หมวย นำอุปกรณ์การเรียนไปช่วยพี่-น้อง นักเรียนภาคใต้แทน เริ่มตั้งแต่วันนี้ จนถึงวันอังคารที่ 31 มกราคม 2560 ที่อาคารรอยัลลี ชั้น 3 สอบถามข้อมูลเพิ่มเติมที่  02-102-6100', '3', '2017-03-12 17:31:20'),
(4, 'ไถ่ชีวิตโค', 'บ.ไทยประกันชีวิต จำกัด (มหาชน) ร่วมบริจาคเงินไถ่ชีวิตโค จำนวน 36 ตัว เนื่องในโอกาสวันคล้ายวันก่อตั้งบริษัทฯ ครบ 75 ปี \r\n      \r\n\r\n          นายไชย ไชยวรรณ กรรมการผู้จัดการใหญ่ บริษัท ไทยประกันชีวิต จำกัด (มหาชน) พร้อมด้วยผู้บริหาร พนักงาน และฝ่ายขาย ร่วมบริจาคเงินเพื่อไถ่ชีวิตโค จำนวน 36 ตัว เนื่องในโอกาสวันคล้ายวันก่อตั้งบริษัทฯ ครบ 75 ปี ให้แก่นายอำนวย ธรรมลังกา ปศุสัตว์อำเภอเมืองปทุมธานี โดยบริษัทฯ จะนำไปมอบให้กับโครงการธนาคารโค - กระบือ เพื่อเกษตรกรตามพระราชดำริ กรมปศุสัตว์ต่อไป ณ โรงฆ่าสัตว์ เทศบาลเมืองปทุมธานี จ.ปทุมธานี', '4', '2017-03-12 17:54:00'),
(5, 'โครงการแบ่งปันไออุ่นสู่เด็กชาวเขา ขอรับบริจาคผ้าห่ม เสื้อกันหนาว ชุดนักเรียน อุปกรณ์การเรียน และของใช้ในชีวิตประจำวัน เพื่อมอบให้แก่เด็กชาวเขา โรงเรียนบ้านปางถ้ำ ต.ร่มเย็น อ.เชียงคำ จ.พะเยา ', 'โครงการแบ่งปันไออุ่นสู่เด็กชาวเขา ขอรับบริจาคผ้าห่ม เสื้อกันหนาว ชุดนักเรียน อุปกรณ์การเรียน และของใช้ในชีวิตประจำวัน เพื่อมอบให้แก่เด็กชาวเขา โรงเรียนบ้านปางถ้ำ ต.ร่มเย็น อ.เชียงคำ จ.พะเยา ส่งของบริจาคได้ที่ พระอาจารย์เอกพล ชุตินธโร 251 วัดเสาหิน ต.ศรีบัวบาน อ.เมือง จ.ลำพูน 51000\r\nหรือ คุณวชิรวิทย์ สุโรพันธุ์  14/1 หมู่ 9 บ้านปางถ้ำ ต.ร่มเย็น อ.เชียงคำ จ.พะเยา 56110\r\n', '5', '2017-03-20 21:34:00'),
(6, 'เชิญร่วมบริจาคใน โครงการ My Dream You Dream ฝันน้อง ฝันพี่ ครั้งที่3', 'ขอเชิญท่านผู้มีจิตศรัทธาทุกท่านร่วมบริจาคอุปกรณ์การเรียน ของเล่น หรือสิ่งของอื่นๆ มาที่ \r\nณัฏฐนัน หิรัญอนัญภัทร์ 181 อาคาร2 ชั้น3 ซ.ท่าดินแดง16 เขตคลองสาน แขวงคลองสาน กทม 10600\r\nหากไม่สะดวกส่งของท่านสามารถสนับสนุนโครงการมาได้ที่ 070-219864-6 ธนพล พิณพาทย์ ธนาคารบัญชีไทยพาณิชย์\r\nเงินและสิ่งของที่ท่านบริจาคมาเราจะนำไปบริจาคให้น้องๆ เพื่อเป็นของราวัลสนับสนุนให้กับน้องๆ ค่ายจิตอาสา "เพลินคิด วิทยาศาสตร์" ครั้งที่2 ครับ', '6', '2017-03-20 21:35:30'),
(7, 'สำนักข่าวจับฉ่าย ประกาศเชิญชวนร่วมกันทำบุญบริจาคหนังสือเรียนแก่น้องนักเรียนที่ขาดแคลน\r\n', 'ประกาศเชิญชวนร่วมกันทำบุญบริจาคหนังสือเรียนในโครงการ ร่วมบริจาคหนังสือเรียนแก่น้องนักเรียนที่ขาดแคลน\r\nผู้ใดที่มีหนังสือเรียน ทั้งชั้นอนุบาล ประถม มัธยมต้น-ปลาย หรือจะเป็นหนังสือติวต่างๆ O-Net เตรียมสอบเข้าต่างๆ แบบฝึกหัดต่างๆ เช่น ก ข ค A B C หนังสือนิทาน ที่ไม่ใช่แล้ว สภาพดี ไม่มีการขีดเขียนมาก สามารถร่วมบริจาคได้นะครับ \r\n(ไม่ขอรับแบบฝึกหัดที่มีการทำนะครับ)\r\nตอนนี้กำลังหาโรงเรียน องค์กร หรือหน่วยงานที่กำลังต้องการสื่อการเรียนอย่างนี้อยู่ โดยเฉพาะโรงเรียนทางภาคใต้ที่กำลังประสบปัญหาครับ โดยจะบริจาคให้ทั้งหมด 10 แห่งครับหรือหากมีโรงเรียน หน่วยงานไหนประสงค์ สามารถแจ้งมาได้นะครับผม ไม่จำกัดเฉพาะภาคใต้นะครับ', '7', '2017-03-20 21:36:44'),
(8, 'อุปกรณ์การเรียนของเด็กๆ รองเท้าที่อาจจะไหลไปกับกระแสน้ำหรือสมุดที่อาจขาดไปเพราะโดนน้ำ', 'น้ำระลอกที่ 3 มาแล้ว ศูนย์ประสานงานมูลนิธิเพื่อการพัฒนาเด็ก (มพด.) 3 จังหวัดชายแดนใต้และเครือข่าย กลุ่มกอลบุลวาเฮดยี่งอ กลุ่มเยาวชนอิงะกำปง กลุ่มธนาคารใจอาสา ลงพื้นที่ไปให้การช่วยเหลือในเบื้องต้น พบว่าโรงเรียนในพื้นที่ 14 อำเภอ ของจังหวัดยะลา จังหวัดปัตตานี จังหวัดนราธิวาส ได้รับความเสียหาย โดยเฉพาะอุปกรณ์การเรียนของเด็กๆ \r\nเราขอชวนคุณร่วมบริจาค สมุด ปากกา ดินสอ ยางลบ รองเท้านักเรียน ถุงเท้า และอุปกรณ์การเรียนต่าง ๆ ให้แก่เด็กๆ ได้ที่ \r\n***1. มูลนิธิเพื่อการพัฒนาเด็ก : 143/109-111 หมู่บ้านปิ่นเกล้าพัฒนา แขวงอรุณอมรินทร์ เขตบางกอกน้อย กรุงเทพมหานคร 10700 วันจันทร์-วันศุกร์ เวลา 10.00 น.- 16.00 น. โทร .02-433-6292\r\n***2. ศูนย์ประสานงานมูลนิธิเพื่อการพัฒนาเด็กสามจังหวัดชายแดนใต้ : 79 ซอยเย็นอากาศ 2 ถนนอาคารสงเคราะห์ ตำบลสะเตง อ.เมือง จ.ยะลา 95000\r\nหรือ สมทบทุนด้วยการโอนเงินได้ที่ \r\nชื่อบัญชี มูลนิธิเพื่อการพัฒนาเด็ก (ระบุช่วยน้ำท่วม)\r\nเลขบัญชี 047-2-61241-7 \r\n', '8', '2017-03-20 21:40:37'),
(9, 'Gossip News: ช่อง13 ชวนบริจาคถุงผ้า ส่งต่อให้น้องโรงเรียนที่ขาดแคลน ไทยทีวีสีช่อง 3', 'รายการ "ชั่วโมงสร้างสุข" ร่วมกับ ช่อง13 แฟมิลี่ ขอเชิญผู้มีจิตศรัทธา ร่วมบริจาคถุงผ้าสภาพดี กับโครงการ"ถุงผ้า ฝากรัก" เพื่อส่งต่อให้น้องในโรงเรียนที่ขาดแคลน และโรงพยาบาลวัดโบสถ์ จ.พิษณุโลก ที่ใช้ถุงผ้าสำหรับจ่ายยาให้คนไข้เพื่อลดรายจ่าย และช่วยแก้ไขปัญหาโลกร้อน\n          หนิง-สายสวรรค์ เผย "มีการเปิดรับบริจาคถุงผ้า เป็นการเปิดรับถุงผ้าที่ไม่ใช้แล้ว ถ้าเราสังเกตดูดีๆเราจะเห็นว่าบ้านเรามีถุงผ้าที่เราไม่ใช้เยอะมาก บ้างก็ได้แจกมา บ้างก็ซื้อไว้เอง หรือได้จากที่ระลึกของงาน ใช้จริงๆแค่ไม่กี่ใบ แล้วเราก็ได้มาอีกเรื่อยๆ ซึ่งตอนนี้มีโรงเรียนที่ขาดแคลน โดยโรงเรียนเหล่านี้ เด็กๆไม่มีเงินซื้อกระเป๋านักเรียน ทางโรงเรียนจึงต้องการถุงผ้า เพื่อไปให้เด็กๆใส่อุปกรณ์การเรียน นอกจากนี้ยังมีโรงพยาบาลที่ต้องการถุงผ้าใส่ยาให้ผู้ป่วยเพื่อลดรายจ่าย ดังนั้นจึงขอเชิญชวนผู้มีจิตศรัทธานะคะ มาร่วมบริจาคถุงผ้าสภาพดีที่ไม่ใช้แล้ว เพื่อนำไปใช้ประโยชน์ต่อไปค่ะ"\n          ผู้ที่สนใจสามารถส่งถุงผ้าสภาพดีมาได้ที่ รายการ ชั่วโมงสร้างสุข ช่อง 13 แฟมิลี่ ที่อยู่ 3199 อาคารมาลีนนท์ทาวเวอร์ ชั้น 11 ถ.พระราม 4 แขวงคลองตัน เขตคลองเตย กรุงเทพฯ 10110 ติดตามรายละเอียดเพิ่มเติมได้ในรายการชั่วโมงสร้างสุข ทุกวันจันทร์-ศุกร์ เวลา 14.00-14.45 น. ทางช่อง13 แฟมิลี่\n', '9', '2017-03-20 22:09:21'),
(10, 'การไฟฟ้าส่วนภูมิภาคเขต 3 (ภาคใต้) จังหวัดยะลา ร่วมกับ คณะแม่บ้าน มอบอุปกรณ์การเรียน สร้างขวัญกำลังใจให้กับโรงเรียนที่ประสบอุทกภัย ในพื้นที่ จ.สงขลา\r\n', 'ว่าที่พันตรีไพบูลย์ ว่องวีระยุทธ์ ผู้อำนวยการ การไฟฟ้าส่วนภูมิภาค เขต 3 (ภาคใต้) จังหวัดยะลา นำคณะผู้บริหารและพนักงานในพื้นที่อำเภอระโนด ร่วมกับนางลัดดา ว่องวีระยุทธ์ ประธานคณะแม่บ้านฯ การไฟฟ้าส่วนภูมิภาค เขต 3 (ภาคใต้) จังหวัดยะลา นำคณะผู้บริหารและพนักงานในพื้นที่อำเภอระโนด ร่วมกับนางลัดดา ว่องวีระยุทธ์ ประธานคณะแม่บ้านฯ การไฟฟ้าส่วนภูมิภาค เขต 3 (ภาคใต้) จังหวัดยะลา พร้อมคณะแม่บ้านฯ มอบอุปกรณ์การเรียน สีทาผนังอาคารเรียน และเครื่องเล่นภาคสนาม ให้กับ โรงเรียนที่ได้รับผลกระทบจากอุทกภัยที่ ได้แก่โรงเรียนวัดโรง อำเภอกระแสสินธุ์ จังหวัดสงขลา และโรงเรียนวัดบ้านใหม่ อำเภอระโนด จังหวัดสงขลา\r\n\r\nสำหรับโรงเรียนทั้งสองแห่งได้รับผลกระทบจากอุทกภัยน้ำท่วม ส่งผลความเสียหายต่ออาคารสถานที่ และอุปกรณ์การเรียนการสอน โดยเงินในการจัดสิ่งของที่มอบให้กับโรงเรียน ได้รับการบริจาค จากพนักงานและคณะแม่บ้านฯ การไฟฟ้าส่วนภูมิภาคเป็นเงินทั้งสิ้น 70,500 บาท เพื่อส่งมอบเป็นกำลังใจให้กับคณะคุณครูและนักเรียน ได้มีอุปกรณ์การศึกษา พร้อมเครื่องเล่นภาคสนามสำหรับเด็กต่อไป\r\n', '10', '2017-03-20 22:11:21'),
(11, 'เมโทรซิสเต็มส์ฯ บริจาคคอมพิวเตอร์และอุปกรณ์ในโครงการ “ห้องเรียนอัจฉริยะ” ให้กับ 2 โรงเรียนในเขตชุมชน\r\n', 'นายกิตติ เตชะทวีกิจกุล รองประธานกรรมการ บริษัท เมโทรซิสเต็มส์คอร์ปอเรชั่น จำกัด (มหาชน) พร้อมด้วยคณะผู้บริหาร ส่งมอบคอมพิวเตอร์และอุปกรณ์ให้กับ 2 โรงเรียนในเขตชุมชน ได้แก่ โรงเรียนคชเผือกอนุสรณ์ และ โรงเรียนคลองมะขามเทศ ตามโครงการ "ห้องเรียนอัจฉริยะ" ซึ่งเป็นหนึ่งในกิจกรรมเพื่อสังคมที่บริษัทฯ ได้ให้การสนับสนุนโดยมีวัตถุประสงค์เพื่อการพัฒนาศักยภาพด้านการศึกษาแบบบูรณาการของนักเรียนอย่างเหมาะสมและมีประสิทธิภาพผ่านสื่อการเรียนการสอนและนวัตกรรมทางเทคโนโลยีที่ทันสมัย โดย โรงเรียนคชเผือกอนุสรณ์ ได้รับมอบคอมพิวเตอร์ 3 เครื่อง ติดตั้งที่ห้องคอมพิวเตอร์และห้องเรียนอัจฉริยะ พร้อมด้วยการติดตั้งเครื่องปรับอากาศ 1 เครื่อง และการปรับปรุงห้องเรียนอัจฉริยะด้วยงานปิดช่องลมด้วยไม้อัดทาสี ส่วน โรงเรียนคลองมะขามเทศ ได้รับมอบคอมพิวเตอร์ 9 เครื่อง ติดตั้งที่ห้องคอมพิวเตอร์และห้องสมุด พร้อมด้วยการเดินสาย Lan ใหม่ 4 เส้น และติดตั้ง TV LED จอแบนขนาด 55 นิ้ว ที่ห้องคอมพิวเตอร์ ทั้งนี้ ผู้แทนจากทั้งสองโรงเรียนได้มารับมอบคอมพิวเตอร์และอุปกรณ์ เมื่อวันที่ 15 มีนาคม 2560 ณ สำนักงานใหญ่ บริษัท เมโทรซิสเต็มส์คอร์ปอเรชั่น จำกัด (มหาชน)\r\n', '11', '2017-03-20 22:14:31'),
(12, '“แพร-กัสจัง-อลิซ” ยกก๊วน ทำดีถวายในหลวง รัชกาล ๙   ข่าวโดย บ้านเมือง เข้มข้น-ครบเครื่อง เรื่องข่าว\r\n', 'ALL FOR ONE THAILAND ฝุดโครงการ รักพ่อ ร้องเพลงของพ่อ กิจกรรมการกุศลเพื่อน้อมรำลึกถึงพระมหากรุณาธิคุณ พระบาทสมเด็จพระปรมินทรมหาภูมิพลอดุลยเดช หรือ ในหลวงรัชกาลที่ ๙ และหาเงินรายได้สมทบทุนการศึกษา อุปกรณ์การเรียน ค่าอาหารกลางวัน ของน้องๆ กลุ่มพิการซ้ำซ้อน, ติดเชื้อเอดส์ และเด็กกำพร้า โรงเรียนเฉลิมพระเกียรติ ๔๘ พรรษา ในพระราชูปถัมภ์สมเด็จพระเทพรัตนราชสุดาฯ สยามบรมราชกุมารี ที่ อ.เมือง จ.ลำพูน\r\n	โดยจัดให้มีการเปิดบูธขายเสื้อยืดการกุศล และเดินกล่องรับบริจาค ณ ศูนย์การค้าเซ็นทรัลพลาซ่า จ.ชลบุรี งานนี้ได้ 2 นักแสดงสาวสวย แพร-ณัฏฐธิดา ดำรงวิเศษพาณิชย์ และ กัสจัง-จีร่าร์ พิทักษ์พรตระกูล นำทีมเพื่อนศิลปินดารา อาทิ  นาฟ-ฉัฐนันท์  เถาศิริพันธ์, โก-รชต สวนสมัย, บอล-อัครพล เอี่ยมสมบัติ และ มอส-ธนยศ เอกขัตติยากร กลุ่มนักแสดงหน้าใหม่จากซีรี่ส์ 7 Days Love เพราะรักไม่ใช่เรื่องบังเอิญ ช่อง 15 Plus Channel รวมถึงนายแบบหนุ่มหล่อ ท็อป-ภูริวัจน์ วงศ์วุฒิอิสระ หวานใจของสาวกัสจัง มาร่วมเดินกล่องรับบริจาค\r\nนอกจากนี้ อลิซ-ชญาดา สนธิรักษ์ นักร้องลูกทุ่งคนดังจากค่ายอาร์สยาม ยังควงแขน อินดี้-ณัฏฐ์พัชร์ สนธิรักษ์ น้องชายแท้ๆ มาช่วยขายเสื้อยืดการกุศล และร่วมร้องบทเพลงพระราชนิพนธ์ แผ่นดินของเรา เพื่อน้อมรำลึกถึงพระมหากรุณาธิคุณ พระบาทสมเด็จพระปรมินทรมหาภูมิพลอดุลยเดช หรือ ในหลวง รัชกาลที่ ๙\r\n', '12', '2017-03-20 22:15:35'),
(13, 'ปันความสุขจากพี่สู่น้อง \r\n', 'คุณเกษมศักดิ์ วงศ์อุไร ผู้ช่วยกรรมการผู้จัดการใหญ่ นำทีมพนักงานฝ่ายสินไหมรถยนต์ ทิพยประกันภัย จัดโครงการ "ปันความสุขจากพี่สู่น้อง" ร่วมบริจาคเงิน อุปกรณ์การเรียน อุปกรณ์เครื่องมือเกษตร เครื่องใช้ไฟฟ้า ร่วมทำกิจกรรมสันทนาการ และเลี้ยงอาหารกลางวันเด็กๆ นักเรียนโรงเรียนตำรวจตระเวนชายแดนทั้ง 4 โรงเรียน ได้แก่ โรงเรียนตำรวจตระเวนชายแดนบ้านต้นมะม่วง โรงเรียนตำรวจตระเวนชายแดนเฮงเค็ลไทย บ้านทุ่งมะเซอย่อ โรงเรียนตำรวจตระเวณชายแดน วัดสุธาสินี และศูนย์ฝึกอาชีพกองกำกับตำรวจตระเวนชายแดที่ 13 จ.กาญจนบุรี\r\n', '13', '2017-03-20 22:16:37'),
(14, 'ร.ร.วัดควนสมบูรณ์ จ.นครศรีธรรมราช ขอรับบริจาคซื้ออุปกรณ์การเรียนหลังน้ำท่วม\r\n', 'ร.ร.วัดควนสมบูรณ์ อ.ชะอวด จ.นครศรีธรรมราช ขอความช่วยเหลือช่วยบริจาคเงินเพื่อซื้อชุดนักเรียน อุปกรณ์การเรียน หลังได้รับความเสียหายจากน้ำท่วม\r\nวันนี้ (19 ม.ค.2560) ผู้สื่อข่าวรายงานว่า จากเหตุน้ำท่วม จ.นครศรีธรรมราช ทำให้ โรงเรียนวัดควนสมบูรณ์ อ.ชะอวด จ.นครศรีธรรมราช ได้รับผลกระทบอย่างหนักอาคารเรียน อุปกรณ์การเรียนเสียหายจากน้ำท่วม\r\nน.ส.อรอนงค์ ยามาเจริญ ผู้อำนวยการโรงเรียนวัดควนสมบูรณ์ เปิดขอรับบริจาคสิ่งของเครื่องใช้ ชุดนักเรียน ถุงเท้า เเละสื่อการเรียนการสอนต่าง ๆ เพื่อช่วยเหลือเด็กนักเรียน ที่ได้รับความเดือดร้อนจากวิกฤตน้ำท่วมภาคใต้ในครั้งนี้ นอกจากนี้ บริเวณโรงเรียนยังมีอาคารเรียน ห้องสมุด ข้าวของเครื่องใช้ต่าง ๆ ยังได้รับความเสียหายอย่างมากเช่นเดียวกัน ขณะนี้ประเมินความเสียหายกว่า 1 ล้านบาท โรงเรียนวัดควนสมบูรณ์มีนักเรียน 147 คน ครูและบุคลากร 12 คน \r\nหากผู้ที่ต้องการช่วยเหลือ สามารถบริจาคได้ที่ บัญชีชื่อ สวัสดิการโรงเรียนวัดควนสมบูรณ์\'\' ธนาคารออมสิน บัญชีเผื่อเรียก หมายเลขบัญชี 08-6008-20-055653-4 ประสาน ผ.อ.โรงเรียนวัดควนสมบูรณ์ โทร 098-421-7842\r\n', '14', '2017-03-20 22:22:27'),
(15, 'ซีเกทประเทศไทย โรงงานเทพารักษ์ ร่วมสนับสนุนเยาวชนไทยให้เติบโตอย่างเข้มแข็งและยั่งยืน\r\n', '  เพราะซีเกทเล็งเห็นว่า...สังคมไทยของเรา ยังมีผู้ที่ด้อยโอกาสอีกมากมาย ทั้งด้านการศึกษา และปัจจัยสำคัญต่อการดำรงชีวิต อันเป็นรากฐานสำคัญที่ช่วยพัฒนาและยกระดับคุณภาพชีวิตของคนไทยให้ดีขึ้น ส่งผลให้สังคมไทยแข็งแรงขึ้น ทางคณะผู้บริหารนำโดยนายนรเชษฐ์ แซ่ตั้ง ผู้จัดการโรงงานซีเกท เทพารักษ์ได้ร่วมเลี้ยงอาหารกลางวันให้แก่น้องๆ นักเรียนจำนวนกว่า 261 คนที่โรงเรียนวัด สุคันธาวาส และส่งมอบอุปกรณ์การเรียน เสื้อผ้า อุปกรณ์กีฬา และอื่นๆ อีกมากมายทั้งที่ร่วมบริจาคโดยพนักงานและบริษัทฯ ภายใต้ชื่อกิจกรรม "โครงการปันน้ำใจเพื่อน้อง" โดยมีนายนิวัตรชัย วรรณชาลี ผู้อำนวยการโรงเรียนวัดสุคันธาวาส เป็นผู้รับมอบ และปิดท้ายกิจกรรมในครั้งนี้ด้วยการแจกไอศครีมให้กับน้องๆ ทุกคน ซึ่งบรรยากาศเต็มไปด้วยรอยยิ้มและเสียงหัวเราะจากเด็กๆ           \r\n          ทั้งนี้ โรงเรียนวัดสุคันธาวาส ตั้งอยู่ในพื้นที่ อำเภอบางบ่อ จังหวัดสมุทรปราการ สังกัดสำนักงานเขตพื้นที่การศึกษาประถมศึกษาสมุทรปราการ เขต 2 เป็นโรงเรียนขนาดเล็กมีนักเรียนทั้งหมด 261 คน และได้รับงบประมาณจัดสรรค่าอาหารกลางวันจากองค์การบริหารส่วนตำบลบางบ่อเป็นจำนวนเงินเฉลี่ย 20 บาทต่อเด็กนักเรียน 1 คน และยังขาดแคลนในส่วนอื่นอีกมากมาย ซีเกทจึงขอร่วมเป็นส่วนหนึ่งในการสนับสนุนการศึกษาและพัฒนาเยาวชนไทย ซึ่งสอดคล้องกับนโยบายความรับผิดชอบต่อสังคมของบริษัทซีเกท ในทุกๆประเทศทั่วโลกถือปฏิบัติต่อเนื่องกันมา', '15', '2017-03-20 22:22:24'),
(16, 'ศธ.เตรียมระดมจิตอาสาอาชีวะ-กศน.300 ทีม 7,500 คน ลงพื้นที่ภาคใต้ร่วมฟื้นฟูหลังน้ำลด ขณะที่ สพฐ.จัดโครงการ “ปันเครื่องเขียนเพื่อเพื่อน”รับบริจาคอุปกรณ์-ชุดนร. \r\n', 'ม.ล.ปนัดดา ดิศกุล รมช.ศึกษาธิการ กล่าวภายหลังประชุมหารือการช่วยเหลือและแนวทางแก้ปัญหาผู้ประสบภับน้ำท่วมภาคใต้ ว่า ปัญหาน้ำท่วมใน 12 จังหวัดภาคใต้นั้น รัฐบาลได้บูรณการความร่วมมือหน่วยงานต่างๆการดูแลช่วยเหลือประชาชนในส่วนของกระทรวงศึกษาธิการ (ศธ.) รับหน้าที่ดูแลช่วยเหลือประชาชนหลังน้ำลด โดยจะระดมจิตอาสาทั้งครูและนักเรียนของสถานศึกษาในสังกัด ศธ. ทั่วประเทศลงพื้นที่ช่วยเหลือประชาชน โดยได้กำชับให้ดูแลเรื่องความปลอดภัยของผู้ปฎิบัติงาน  ตั้งแต่ก่อนปฏิบัติงาน ระหว่างปฏิบัติ และเสร็จสิ้นภารกิจ\r\nนอกจากนี้ ที่ประชุมได้หารือถึงผลกระทบจากน้ำท่วม โดยเฉพาะนักเรียนที่ต้องหยุดเรียนติดต่อกันหลายวัน ซึ่งหลายภาคส่วนกังวลว่าเด็กจะมีเวลาเรียนไม่พอ ซึ่งสำนักงานคณะกรรมการการศึกษาขั้นพื้นฐาน (สพฐ.) รายงานว่าภายหลังน้ำลดสถานศึกษาได้เตรียมการจัดการเรียนการสอนชดเชยให้กับนักเรียนให้ครบชั่วโมงเรียนตามหลักสูตรที่กำหนด\r\nด้าน ดร.ชัยพฤกษ์ เสรีรักษ์ ปลัด ศธ. กล่าวว่า ศธ.ได้สรุปความเสียหายจากสถานการณ์น้ำท่วม พบว่า สถานศึกษาสังกัด สพฐ.ได้รับความเสียหาย 1,791 แห่ง มูลค่าความเสียหายกว่า 700 ล้านบาท สังกัดสำนักงานคณะกรรมการการอาชีวศึกษา (สอศ.) เสียหาย 19 แห่ง มูลค่าความเสียหาย 20 ล้านบาท สังกัดสำนักงานส่งเสริมการศึกษานอกระบบและการศึกษาตามอัธยาศัย (กศน.) 150 แห่ง มูลค่าความเสียหาย 30 ล้านบาท และสถานศึกษาสังกัดสำนักงานคณะกรรมการส่งเสริมการศึกษาเอกชน (สช.) 293 แห่ง มูลค่าความเสียหาย 18 ล้านบาท ทั้งนี้ ความเสียหายที่พบจะเกี่ยวกับอาคาร สถานที่ อุปกรณ์การเรียนการสอน ซึ่ง ศธ. เตรียมเสนอของบประมาณกลาง ปีงบประมาณ 2560 ประมาณ 1,000 ล้านบาทเพื่อดูแลต่อไป\r\n', '16', '2017-03-20 22:25:29'),
(17, 'สวท.เชียงใหม่ เตรียมจัดโครงการ ปันน้ำใจสู่ชุมชน ปีที่ 5  \r\n', 'สถานีวิทยุกระจายเสียงแห่งประเทศไทยจังหวัดเชียงใหม่เตรียมจัดโครงการปันน้ำใจสู่ชุมชนปีที่ 5 เดินตามรอยพ่อ สานต่อพระราชปณิธานการช่วยเหลือสังคม\r\nนางสาวชนิสา ชมศิลป์ ผู้อำนวยการสถานีวิทยุกระจายเสียงแห่งประเทศไทยจังหวัดเชียงใหม่เปิดเผยว่า โครงการปันน้ำใจสู่ชุมชนได้จัดขึ้นเป็นปีที่ 5 แล้ว และในปีนี้ทางสถานีวิทยุกระจายเสียงแห่งประเทศไทยจังหวัดเชียงใหม่เตรียมจัดกิจกรรมขึ้นที่ บ้านห้วยลึก และบ้านแปกแซม อำเภอเวียงแหง จังหวัดเชียงใหม่ เนื่องจากพบว่าพื้นที่ดังกล่าวมีสภาพอากาศหนาวเย็นตลอดทั้งปีเด็กเล็กยังขาดแคลนที่นอน ทางสถานีวิทยุกระจายเสียงแห่งประเทศไทยจังหวัดเชียงใหม่จึงได้จัดทำเบาะนอน หนังหุ้มกว่า 70 ชุด อุปกรณ์กีฬา อุปกรณ์เครื่องเขียน และผ้าห่มกันหนาว ซึ่งได้รับการสนับสนุนจากส่วนคลังน้ำมัน ปตท.เชียงใหม่ สำนักงานป้องกันและบรรเทาสาธารณภัยจังหวัดเชียงใหม่ และผู้มีจิตศรัทธาที่ร่วมบริจาคผ่านทาง สถานีวิทยุกระจายเสียงแห่งประเทศไทยจังหวัดเชียงใหม่อีกด้วย\r\n', '17', '2017-03-20 22:26:42');

-- --------------------------------------------------------

--
-- Table structure for table `question`
--

CREATE TABLE `question` (
  `qid` int(11) NOT NULL,
  `question_name` varchar(100) NOT NULL
) ENGINE=InnoDB DEFAULT CHARSET=utf8;

--
-- Dumping data for table `question`
--

INSERT INTO `question` (`qid`, `question_name`) VALUES
(1, 'คุณเกิดวันอะไร'),
(2, 'เพื่อนที่คุณสนิทมากที่สุดชื่ออะไร'),
(3, 'สัตว์เลี้ยงตัวแรกของคุณชื่อว่าอะไร'),
(4, 'อาชีพในฝันของคุณคือ'),
(5, 'คุณชอบสีอะไร');

-- --------------------------------------------------------

--
-- Table structure for table `user`
--

CREATE TABLE `user` (
  `uid` varchar(50) NOT NULL,
  `fname` varchar(100) NOT NULL,
  `lname` varchar(100) NOT NULL,
  `address` varchar(200) NOT NULL,
  `phone` varchar(10) NOT NULL,
  `email` varchar(100) NOT NULL,
  `password` varchar(100) NOT NULL,
  `question_id` int(1) NOT NULL,
  `answerx` varchar(100) NOT NULL,
  `ssn` varchar(13) NOT NULL,
  `status` varchar(20) NOT NULL
) ENGINE=InnoDB DEFAULT CHARSET=utf8;

--
-- Dumping data for table `user`
--

INSERT INTO `user` (`uid`, `fname`, `lname`, `address`, `phone`, `email`, `password`, `question_id`, `answerx`, `ssn`, `status`) VALUES
('ID20170411-210622', 'วราภรณ์', 'แม้นศิริ', '64/1 อ. ธวัชบุรี จ. ร้อยเอ็ด', '0816016551', 'varaphon.m@kkumail.com', '265b71836b768c0fa436d427cb03c3f6', 1, 'พฤหัสบดี', '1119600004606', 'member'),
('ID20170415-212252', 'ชบาเงิน', 'ผาสุข', '123 ม.5 ต. หนองผักแว่น อ. ธวัชบุรี จ. ร้อยเอ็ด', '0895120235', 'lazy.yoci11@gmail.com', 'b34e20cb495192d5a0f22567b0acf840', 2, 'มด', '1459900468605', 'member');

--
-- Indexes for dumped tables
--

--
-- Indexes for table `announce`
--
ALTER TABLE `announce`
  ADD PRIMARY KEY (`Aid`);

--
-- Indexes for table `demand`
--
ALTER TABLE `demand`
  ADD PRIMARY KEY (`demand_id`);

--
-- Indexes for table `list_item`
--
ALTER TABLE `list_item`
  ADD PRIMARY KEY (`Lid`);

--
-- Indexes for table `news`
--
ALTER TABLE `news`
  ADD PRIMARY KEY (`Nid`);

--
-- Indexes for table `question`
--
ALTER TABLE `question`
  ADD PRIMARY KEY (`qid`);

--
-- AUTO_INCREMENT for dumped tables
--

--
-- AUTO_INCREMENT for table `announce`
--
ALTER TABLE `announce`
  MODIFY `Aid` int(11) NOT NULL AUTO_INCREMENT, AUTO_INCREMENT=15;
--
-- AUTO_INCREMENT for table `demand`
--
ALTER TABLE `demand`
  MODIFY `demand_id` int(11) NOT NULL AUTO_INCREMENT, AUTO_INCREMENT=4;
--
-- AUTO_INCREMENT for table `news`
--
ALTER TABLE `news`
  MODIFY `Nid` int(11) NOT NULL AUTO_INCREMENT, AUTO_INCREMENT=18;
--
-- AUTO_INCREMENT for table `question`
--
ALTER TABLE `question`
  MODIFY `qid` int(11) NOT NULL AUTO_INCREMENT, AUTO_INCREMENT=6;
/*!40101 SET CHARACTER_SET_CLIENT=@OLD_CHARACTER_SET_CLIENT */;
/*!40101 SET CHARACTER_SET_RESULTS=@OLD_CHARACTER_SET_RESULTS */;
/*!40101 SET COLLATION_CONNECTION=@OLD_COLLATION_CONNECTION */;
